<?xml version="1.0" encoding="UTF-8"?><module codename="dk.sdu.hannehue.Core">
    <module_version install_time="1649519527157" last="true" origin="installer" specification_version="1.0">
        <file crc="324610494" name="config/Modules/dk-sdu-hannehue-Core.xml"/>
        <file crc="1353561142" name="modules/dk-sdu-hannehue-Core.jar"/>
        <file crc="1603646078" name="modules/ext/dk.sdu.hannehue.Core/com-badlogicgames-gdx/gdx-backend-lwjgl.jar"/>
        <file crc="491759067" name="modules/ext/dk.sdu.hannehue.Core/com-badlogicgames-gdx/gdx-box2d-platform-natives-desktop.jar"/>
        <file crc="2059226421" name="modules/ext/dk.sdu.hannehue.Core/com-badlogicgames-gdx/gdx-box2d.jar"/>
        <file crc="321230197" name="modules/ext/dk.sdu.hannehue.Core/com-badlogicgames-gdx/gdx-freetype-platform-natives-desktop.jar"/>
        <file crc="844580455" name="modules/ext/dk.sdu.hannehue.Core/com-badlogicgames-gdx/gdx-freetype.jar"/>
        <file crc="4151000409" name="modules/ext/dk.sdu.hannehue.Core/com-badlogicgames-gdx/gdx-platform-natives-desktop.jar"/>
        <file crc="3302418929" name="modules/ext/dk.sdu.hannehue.Core/com-badlogicgames-gdx/gdx.jar"/>
        <file crc="1146210713" name="modules/ext/dk.sdu.hannehue.Core/com-badlogicgames-jlayer/jlayer.jar"/>
        <file crc="426864957" name="modules/ext/dk.sdu.hannehue.Core/net-java-jinput/jinput.jar"/>
        <file crc="1529865491" name="modules/ext/dk.sdu.hannehue.Core/net-java-jutils/jutils.jar"/>
        <file crc="2846045197" name="modules/ext/dk.sdu.hannehue.Core/org-jcraft/jorbis.jar"/>
        <file crc="4257286244" name="modules/ext/dk.sdu.hannehue.Core/org-lwjgl-lwjgl/lwjgl-platform-natives-linux.jar"/>
        <file crc="195738200" name="modules/ext/dk.sdu.hannehue.Core/org-lwjgl-lwjgl/lwjgl-platform-natives-osx.jar"/>
        <file crc="4182559041" name="modules/ext/dk.sdu.hannehue.Core/org-lwjgl-lwjgl/lwjgl-platform-natives-windows.jar"/>
        <file crc="1131781346" name="modules/ext/dk.sdu.hannehue.Core/org-lwjgl-lwjgl/lwjgl.jar"/>
        <file crc="1311417881" name="modules/ext/dk.sdu.hannehue.Core/org-lwjgl-lwjgl/lwjgl_util.jar"/>
    </module_version>
</module>
